control_rank,repo_name,control_domain,language_match_role,year,window_start,window_end,issues_opened,issues_closed_from_cohort,issues_unresolved_from_cohort,prs_opened,prs_closed_from_cohort,prs_merged_from_cohort,prs_closed_unmerged_from_cohort,prs_unresolved_from_cohort,pr_merge_share_resolved,graphql_cost,graphql_remaining,quality_flag,collected_at
1,kubernetes/kubernetes,cloud_native,Go,2022,2022-01-01,2022-12-31,2200,1487,713,5180,4451,3155,1296,729,0.708829,1,4793,search_count_above_result_retrieval_cap,2026-09-01T10:15:30.187873+00:00
1,kubernetes/kubernetes,cloud_native,Go,2023,2023-01-01,2023-12-31,2261,1371,890,5410,4536,3402,1134,874,0.75,1,4793,search_count_above_result_retrieval_cap,2026-09-01T10:15:30.187873+00:00
1,kubernetes/kubernetes,cloud_native,Go,2024,2024-01-01,2024-12-31,2002,1311,691,4712,4060,2896,1164,652,0.7133,1,4793,search_count_above_result_retrieval_cap,2026-09-01T10:15:30.187873+00:00
1,kubernetes/kubernetes,cloud_native,Go,2025,2025-01-01,2025-12-31,1859,1215,644,4569,3923,2799,1124,646,0.713485,1,4793,search_count_above_result_retrieval_cap,2026-09-01T10:15:30.187873+00:00
1,kubernetes/kubernetes,cloud_native,Go,2026,2026-01-01,2026-08-31,1320,712,608,4305,3074,2217,857,1231,0.72121,1,4793,search_count_above_result_retrieval_cap,2026-09-01T10:15:30.187873+00:00
2,microsoft/vscode,developer_tools,TypeScript,2022,2022-01-01,2022-12-31,21875,19118,2757,7018,6818,6241,577,200,0.915371,1,4792,search_count_above_result_retrieval_cap,2026-09-01T10:15:32.474110+00:00
2,microsoft/vscode,developer_tools,TypeScript,2023,2023-01-01,2023-12-31,21389,17993,3396,8459,8225,7642,583,234,0.929119,1,4792,search_count_above_result_retrieval_cap,2026-09-01T10:15:32.474110+00:00
2,microsoft/vscode,developer_tools,TypeScript,2024,2024-01-01,2024-12-31,19220,15892,3328,8921,8651,7982,669,270,0.922668,1,4792,search_count_above_result_retrieval_cap,2026-09-01T10:15:32.474110+00:00
2,microsoft/vscode,developer_tools,TypeScript,2025,2025-01-01,2025-12-31,34007,28890,5117,12334,11684,10155,1529,650,0.869137,1,4792,search_count_above_result_retrieval_cap,2026-09-01T10:15:32.474110+00:00
2,microsoft/vscode,developer_tools,TypeScript,2026,2026-01-01,2026-08-31,30132,21492,8640,17311,14958,12518,2440,2353,0.836877,1,4792,search_count_above_result_retrieval_cap,2026-09-01T10:15:32.474110+00:00
3,vuejs/core,application_framework,TypeScript,2022,2022-01-01,2022-12-31,1190,879,311,581,343,176,167,238,0.51312,1,4791,search_count_above_result_retrieval_cap,2026-09-01T10:15:34.802814+00:00
3,vuejs/core,application_framework,TypeScript,2023,2023-01-01,2023-12-31,904,630,274,800,575,340,235,225,0.591304,1,4791,search_count_invariants_ok,2026-09-01T10:15:34.802814+00:00
3,vuejs/core,application_framework,TypeScript,2024,2024-01-01,2024-12-31,896,725,171,945,793,575,218,152,0.725095,1,4791,search_count_invariants_ok,2026-09-01T10:15:34.802814+00:00
3,vuejs/core,application_framework,TypeScript,2025,2025-01-01,2025-12-31,456,347,109,782,665,524,141,117,0.78797,1,4791,search_count_invariants_ok,2026-09-01T10:15:34.802814+00:00
3,vuejs/core,application_framework,TypeScript,2026,2026-01-01,2026-08-31,196,181,15,780,696,570,126,84,0.818966,1,4791,search_count_invariants_ok,2026-09-01T10:15:34.802814+00:00
4,kata-containers/kata-containers,cloud_native,Rust,2022,2022-01-01,2022-12-31,1364,882,482,1213,1098,903,195,115,0.822404,1,4790,search_count_above_result_retrieval_cap,2026-09-01T10:15:37.061809+00:00
4,kata-containers/kata-containers,cloud_native,Rust,2023,2023-01-01,2023-12-31,1413,906,507,1363,1211,1008,203,152,0.83237,1,4790,search_count_above_result_retrieval_cap,2026-09-01T10:15:37.061809+00:00
4,kata-containers/kata-containers,cloud_native,Rust,2024,2024-01-01,2024-12-31,847,492,355,1084,1000,842,158,84,0.842,1,4790,search_count_above_result_retrieval_cap,2026-09-01T10:15:37.061809+00:00
4,kata-containers/kata-containers,cloud_native,Rust,2025,2025-01-01,2025-12-31,419,180,239,1159,1013,838,175,146,0.827246,1,4790,search_count_above_result_retrieval_cap,2026-09-01T10:15:37.061809+00:00
4,kata-containers/kata-containers,cloud_native,Rust,2026,2026-01-01,2026-08-31,269,137,132,1198,983,777,206,215,0.790437,1,4790,search_count_above_result_retrieval_cap,2026-09-01T10:15:37.061809+00:00
5,prometheus/prometheus,cloud_native,Go,2022,2022-01-01,2022-12-31,515,288,227,995,874,648,226,121,0.741419,1,4789,search_count_invariants_ok,2026-09-01T10:15:39.442536+00:00
5,prometheus/prometheus,cloud_native,Go,2023,2023-01-01,2023-12-31,456,204,252,933,826,627,199,107,0.75908,1,4789,search_count_invariants_ok,2026-09-01T10:15:39.442536+00:00
5,prometheus/prometheus,cloud_native,Go,2024,2024-01-01,2024-12-31,522,271,251,1711,1552,1203,349,159,0.775129,1,4789,search_count_above_result_retrieval_cap,2026-09-01T10:15:39.442536+00:00
5,prometheus/prometheus,cloud_native,Go,2025,2025-01-01,2025-12-31,451,284,167,1500,1328,964,364,172,0.725904,1,4789,search_count_above_result_retrieval_cap,2026-09-01T10:15:39.442536+00:00
5,prometheus/prometheus,cloud_native,Go,2026,2026-01-01,2026-08-31,240,151,89,1476,1137,897,240,339,0.788918,1,4789,search_count_above_result_retrieval_cap,2026-09-01T10:15:39.442536+00:00
6,envoyproxy/envoy,cloud_native,C++,2022,2022-01-01,2022-12-31,1844,1458,386,3493,3377,2844,533,116,0.842168,1,4788,search_count_above_result_retrieval_cap,2026-09-01T10:15:41.811919+00:00
6,envoyproxy/envoy,cloud_native,C++,2023,2023-01-01,2023-12-31,1921,1511,410,4901,4727,3865,862,174,0.817643,1,4788,search_count_above_result_retrieval_cap,2026-09-01T10:15:41.811919+00:00
6,envoyproxy/envoy,cloud_native,C++,2024,2024-01-01,2024-12-31,1649,1339,310,4610,4487,3662,825,123,0.816136,1,4788,search_count_above_result_retrieval_cap,2026-09-01T10:15:41.811919+00:00
6,envoyproxy/envoy,cloud_native,C++,2025,2025-01-01,2025-12-31,1331,1089,242,3625,3500,2699,801,125,0.771143,1,4788,search_count_above_result_retrieval_cap,2026-09-01T10:15:41.811919+00:00
6,envoyproxy/envoy,cloud_native,C++,2026,2026-01-01,2026-08-31,740,574,166,3440,3104,2387,717,336,0.769008,1,4788,search_count_above_result_retrieval_cap,2026-09-01T10:15:41.811919+00:00
7,grafana/grafana,open_source_application,TypeScript,2022,2022-01-01,2022-12-31,4879,3421,1458,11342,11083,9878,1205,259,0.891275,1,4787,search_count_above_result_retrieval_cap,2026-09-01T10:15:44.487448+00:00
7,grafana/grafana,open_source_application,TypeScript,2023,2023-01-01,2023-12-31,5704,3404,2300,12644,12357,10782,1575,287,0.872542,1,4787,search_count_above_result_retrieval_cap,2026-09-01T10:15:44.487448+00:00
7,grafana/grafana,open_source_application,TypeScript,2024,2024-01-01,2024-12-31,5004,2360,2644,13262,12959,11395,1564,303,0.879312,1,4787,search_count_above_result_retrieval_cap,2026-09-01T10:15:44.487448+00:00
7,grafana/grafana,open_source_application,TypeScript,2025,2025-01-01,2025-12-31,3920,2014,1906,13225,12854,10872,1982,371,0.845807,1,4787,search_count_above_result_retrieval_cap,2026-09-01T10:15:44.487448+00:00
7,grafana/grafana,open_source_application,TypeScript,2026,2026-01-01,2026-08-31,2862,1648,1214,12960,12117,9474,2643,843,0.781877,1,4787,search_count_above_result_retrieval_cap,2026-09-01T10:15:44.487448+00:00
8,apache/arrow,data_infrastructure,C++,2022,2022-01-01,2022-12-31,3575,2316,1259,2640,2423,1257,1166,217,0.518778,1,4786,search_count_above_result_retrieval_cap,2026-09-01T10:15:46.920550+00:00
8,apache/arrow,data_infrastructure,C++,2023,2023-01-01,2023-12-31,3207,2159,1048,2631,2410,2133,277,221,0.885062,1,4786,search_count_above_result_retrieval_cap,2026-09-01T10:15:46.920550+00:00
8,apache/arrow,data_infrastructure,C++,2024,2024-01-01,2024-12-31,2434,1598,836,2392,2190,1862,328,202,0.850228,1,4786,search_count_above_result_retrieval_cap,2026-09-01T10:15:46.920550+00:00
8,apache/arrow,data_infrastructure,C++,2025,2025-01-01,2025-12-31,1832,1156,676,1645,1429,1230,199,216,0.860742,1,4786,search_count_above_result_retrieval_cap,2026-09-01T10:15:46.920550+00:00
8,apache/arrow,data_infrastructure,C++,2026,2026-01-01,2026-08-31,1079,718,361,1218,928,790,138,290,0.851293,1,4786,search_count_above_result_retrieval_cap,2026-09-01T10:15:46.920550+00:00
9,rust-lang/rust,language_toolchain,Rust,2022,2022-01-01,2022-12-31,4693,2467,2226,9045,8407,6787,1620,638,0.807303,1,4785,search_count_above_result_retrieval_cap,2026-09-01T10:15:49.143335+00:00
9,rust-lang/rust,language_toolchain,Rust,2023,2023-01-01,2023-12-31,4268,2316,1952,8796,8169,6673,1496,627,0.816869,1,4785,search_count_above_result_retrieval_cap,2026-09-01T10:15:49.143335+00:00
9,rust-lang/rust,language_toolchain,Rust,2024,2024-01-01,2024-12-31,5012,2637,2375,10439,9882,7968,1914,557,0.806315,1,4785,search_count_above_result_retrieval_cap,2026-09-01T10:15:49.143335+00:00
9,rust-lang/rust,language_toolchain,Rust,2025,2025-01-01,2025-12-31,4865,2532,2333,10553,9798,7777,2021,755,0.793733,1,4785,search_count_above_result_retrieval_cap,2026-09-01T10:15:49.143335+00:00
9,rust-lang/rust,language_toolchain,Rust,2026,2026-01-01,2026-08-31,2930,1493,1437,8533,7345,5618,1727,1188,0.764874,1,4785,search_count_above_result_retrieval_cap,2026-09-01T10:15:49.143335+00:00
10,pandas-dev/pandas,data_library,Python,2022,2022-01-01,2022-12-31,1887,1170,717,3473,3309,2780,529,164,0.840133,1,4784,search_count_above_result_retrieval_cap,2026-09-01T10:15:51.233134+00:00
10,pandas-dev/pandas,data_library,Python,2023,2023-01-01,2023-12-31,2049,1228,821,4104,3986,3409,577,118,0.855243,1,4784,search_count_above_result_retrieval_cap,2026-09-01T10:15:51.233134+00:00
10,pandas-dev/pandas,data_library,Python,2024,2024-01-01,2024-12-31,1393,822,571,2542,2454,1960,494,88,0.798696,1,4784,search_count_above_result_retrieval_cap,2026-09-01T10:15:51.233134+00:00
10,pandas-dev/pandas,data_library,Python,2025,2025-01-01,2025-12-31,896,549,347,1978,1827,1191,636,151,0.651888,1,4784,search_count_above_result_retrieval_cap,2026-09-01T10:15:51.233134+00:00
10,pandas-dev/pandas,data_library,Python,2026,2026-01-01,2026-08-31,510,359,151,2924,2607,1957,650,317,0.750671,1,4784,search_count_above_result_retrieval_cap,2026-09-01T10:15:51.233134+00:00
11,fastapi/fastapi,application_framework,Python,2022,2022-01-01,2022-12-31,679,5,674,572,394,242,152,178,0.614213,1,4783,search_count_invariants_ok,2026-09-01T10:15:53.331005+00:00
11,fastapi/fastapi,application_framework,Python,2023,2023-01-01,2023-12-31,118,101,17,895,520,330,190,375,0.634615,1,4783,search_count_invariants_ok,2026-09-01T10:15:53.331005+00:00
11,fastapi/fastapi,application_framework,Python,2024,2024-01-01,2024-12-31,82,62,20,1192,1071,681,390,121,0.635854,1,4783,search_count_above_result_retrieval_cap,2026-09-01T10:15:53.331005+00:00
11,fastapi/fastapi,application_framework,Python,2025,2025-01-01,2025-12-31,43,40,3,930,823,509,314,107,0.618469,1,4783,search_count_invariants_ok,2026-09-01T10:15:53.331005+00:00
11,fastapi/fastapi,application_framework,Python,2026,2026-01-01,2026-08-31,52,52,0,1234,1097,575,522,137,0.524157,1,4783,search_count_above_result_retrieval_cap,2026-09-01T10:15:53.331005+00:00
12,apache/kafka,data_infrastructure,Java,2022,2022-01-01,2022-12-31,0,0,0,1426,1204,1007,197,222,0.836379,1,4782,search_count_above_result_retrieval_cap,2026-09-01T10:15:55.370334+00:00
12,apache/kafka,data_infrastructure,Java,2023,2023-01-01,2023-12-31,0,0,0,2035,1729,1440,289,306,0.832851,1,4782,search_count_above_result_retrieval_cap,2026-09-01T10:15:55.370334+00:00
12,apache/kafka,data_infrastructure,Java,2024,2024-01-01,2024-12-31,0,0,0,3265,2884,2446,438,381,0.848128,1,4782,search_count_above_result_retrieval_cap,2026-09-01T10:15:55.370334+00:00
12,apache/kafka,data_infrastructure,Java,2025,2025-01-01,2025-12-31,0,0,0,2865,2619,2232,387,246,0.852234,1,4782,search_count_above_result_retrieval_cap,2026-09-01T10:15:55.370334+00:00
12,apache/kafka,data_infrastructure,Java,2026,2026-01-01,2026-08-31,0,0,0,2088,1607,1384,223,481,0.861232,1,4782,search_count_above_result_retrieval_cap,2026-09-01T10:15:55.370334+00:00
