sample_rank,control_rank,repo_name,llm_native_manual,collaboration_niche,agent_proximity,control_domain,language_match_role,year,cohort_month,cohort_start,cohort_end,followup_end,issues_opened,issues_closed_by_90d,issues_unresolved_at_90d,prs_opened,prs_closed_by_90d,prs_merged_by_90d,prs_closed_unmerged_by_90d,prs_unresolved_at_90d,pr_merge_share_resolved_90d,graphql_cost,graphql_remaining,quality_flag,collected_at
,1,kubernetes/kubernetes,,,,cloud_native,Go,2022,2022-01,2022-01-01,2022-01-31,2022-05-01,192,120,72,414,345,257,88,69,0.744928,1,4571,search_count_invariants_ok,2026-08-28T17:55:28.614229+00:00
,1,kubernetes/kubernetes,,,,cloud_native,Go,2022,2022-02,2022-02-01,2022-02-28,2022-05-29,152,81,71,352,294,227,67,58,0.772109,1,4571,search_count_invariants_ok,2026-08-28T17:55:28.614229+00:00
,1,kubernetes/kubernetes,,,,cloud_native,Go,2022,2022-03,2022-03-01,2022-03-31,2022-06-29,242,136,106,566,462,343,119,104,0.742424,1,4571,search_count_invariants_ok,2026-08-28T17:55:28.614229+00:00
,1,kubernetes/kubernetes,,,,cloud_native,Go,2022,2022-04,2022-04-01,2022-04-30,2022-07-29,194,100,94,325,248,173,75,77,0.697581,1,4571,search_count_invariants_ok,2026-08-28T17:55:28.614229+00:00
,1,kubernetes/kubernetes,,,,cloud_native,Go,2022,2022-05,2022-05-01,2022-05-31,2022-08-29,180,85,95,395,320,251,69,75,0.784375,1,4571,search_count_invariants_ok,2026-08-28T17:55:28.614229+00:00
,1,kubernetes/kubernetes,,,,cloud_native,Go,2023,2023-01,2023-01-01,2023-01-31,2023-05-01,173,97,76,510,435,352,83,75,0.809195,1,4571,search_count_invariants_ok,2026-08-28T17:55:28.614229+00:00
,1,kubernetes/kubernetes,,,,cloud_native,Go,2023,2023-02,2023-02-01,2023-02-28,2023-05-29,210,117,93,490,427,321,106,63,0.751756,1,4571,search_count_invariants_ok,2026-08-28T17:55:28.614229+00:00
,1,kubernetes/kubernetes,,,,cloud_native,Go,2023,2023-03,2023-03-01,2023-03-31,2023-06-29,263,158,105,609,492,353,139,117,0.71748,1,4571,search_count_invariants_ok,2026-08-28T17:55:28.614229+00:00
,1,kubernetes/kubernetes,,,,cloud_native,Go,2023,2023-04,2023-04-01,2023-04-30,2023-07-29,150,79,71,491,403,296,107,88,0.734491,1,4571,search_count_invariants_ok,2026-08-28T17:55:28.614229+00:00
,1,kubernetes/kubernetes,,,,cloud_native,Go,2023,2023-05,2023-05-01,2023-05-31,2023-08-29,176,96,80,487,402,313,89,85,0.778607,1,4571,search_count_invariants_ok,2026-08-28T17:55:28.614229+00:00
,1,kubernetes/kubernetes,,,,cloud_native,Go,2024,2024-01,2024-01-01,2024-01-31,2024-04-30,128,77,51,379,303,216,87,76,0.712871,1,4571,search_count_invariants_ok,2026-08-28T17:55:28.614229+00:00
,1,kubernetes/kubernetes,,,,cloud_native,Go,2024,2024-02,2024-02-01,2024-02-29,2024-05-29,138,83,55,386,313,245,68,73,0.782748,1,4571,search_count_invariants_ok,2026-08-28T17:55:28.614229+00:00
,1,kubernetes/kubernetes,,,,cloud_native,Go,2024,2024-03,2024-03-01,2024-03-31,2024-06-29,181,99,82,337,270,209,61,67,0.774074,1,4571,search_count_invariants_ok,2026-08-28T17:55:28.614229+00:00
,1,kubernetes/kubernetes,,,,cloud_native,Go,2024,2024-04,2024-04-01,2024-04-30,2024-07-29,158,84,74,360,288,221,67,72,0.767361,1,4571,search_count_invariants_ok,2026-08-28T17:55:28.614229+00:00
,1,kubernetes/kubernetes,,,,cloud_native,Go,2024,2024-05,2024-05-01,2024-05-31,2024-08-29,154,86,68,402,320,250,70,82,0.78125,1,4571,search_count_invariants_ok,2026-08-28T17:55:28.614229+00:00
,1,kubernetes/kubernetes,,,,cloud_native,Go,2025,2025-01,2025-01-01,2025-01-31,2025-05-01,163,71,92,324,258,202,56,66,0.782946,1,4571,search_count_invariants_ok,2026-08-28T17:55:28.614229+00:00
,1,kubernetes/kubernetes,,,,cloud_native,Go,2025,2025-02,2025-02-01,2025-02-28,2025-05-29,151,79,72,401,329,263,66,72,0.799392,1,4571,search_count_invariants_ok,2026-08-28T17:55:28.614229+00:00
,1,kubernetes/kubernetes,,,,cloud_native,Go,2025,2025-03,2025-03-01,2025-03-31,2025-06-29,194,102,92,417,353,263,90,64,0.745042,1,4571,search_count_invariants_ok,2026-08-28T17:55:28.614229+00:00
,1,kubernetes/kubernetes,,,,cloud_native,Go,2025,2025-04,2025-04-01,2025-04-30,2025-07-29,147,73,74,290,224,155,69,66,0.691964,1,4571,search_count_invariants_ok,2026-08-28T17:55:28.614229+00:00
,1,kubernetes/kubernetes,,,,cloud_native,Go,2025,2025-05,2025-05-01,2025-05-31,2025-08-29,140,77,63,333,280,231,49,53,0.825,1,4571,search_count_invariants_ok,2026-08-28T17:55:28.614229+00:00
,1,kubernetes/kubernetes,,,,cloud_native,Go,2026,2026-01,2026-01-01,2026-01-31,2026-05-01,144,80,64,511,421,317,104,90,0.752969,1,4571,search_count_invariants_ok,2026-08-28T17:55:28.614229+00:00
,1,kubernetes/kubernetes,,,,cloud_native,Go,2026,2026-02,2026-02-01,2026-02-28,2026-05-29,155,79,76,492,385,282,103,107,0.732468,1,4571,search_count_invariants_ok,2026-08-28T17:55:28.614229+00:00
,1,kubernetes/kubernetes,,,,cloud_native,Go,2026,2026-03,2026-03-01,2026-03-31,2026-06-29,214,128,86,593,461,302,159,132,0.655098,1,4571,search_count_invariants_ok,2026-08-28T17:55:28.614229+00:00
,1,kubernetes/kubernetes,,,,cloud_native,Go,2026,2026-04,2026-04-01,2026-04-30,2026-07-29,133,69,64,430,331,232,99,99,0.700906,1,4571,search_count_invariants_ok,2026-08-28T17:55:28.614229+00:00
,1,kubernetes/kubernetes,,,,cloud_native,Go,2026,2026-05,2026-05-01,2026-05-31,2026-08-29,136,70,66,502,379,292,87,123,0.770449,1,4571,search_count_invariants_ok,2026-08-28T17:55:28.614229+00:00
,2,microsoft/vscode,,,,developer_tools,TypeScript,2022,2022-01,2022-01-01,2022-01-31,2022-05-01,1663,1381,282,178,169,135,34,9,0.798817,1,4570,search_count_invariants_ok,2026-08-28T17:55:36.526241+00:00
,2,microsoft/vscode,,,,developer_tools,TypeScript,2022,2022-02,2022-02-01,2022-02-28,2022-05-29,1905,1611,294,208,199,167,32,9,0.839196,1,4570,search_count_invariants_ok,2026-08-28T17:55:36.526241+00:00
,2,microsoft/vscode,,,,developer_tools,TypeScript,2022,2022-03,2022-03-01,2022-03-31,2022-06-29,1931,1616,315,298,284,242,42,14,0.852113,1,4570,search_count_invariants_ok,2026-08-28T17:55:36.526241+00:00
,2,microsoft/vscode,,,,developer_tools,TypeScript,2022,2022-04,2022-04-01,2022-04-30,2022-07-29,1719,1371,348,202,180,155,25,22,0.861111,1,4570,search_count_invariants_ok,2026-08-28T17:55:36.526241+00:00
,2,microsoft/vscode,,,,developer_tools,TypeScript,2022,2022-05,2022-05-01,2022-05-31,2022-08-29,1745,1384,361,579,561,513,48,18,0.914439,1,4570,search_count_invariants_ok,2026-08-28T17:55:36.526241+00:00
,2,microsoft/vscode,,,,developer_tools,TypeScript,2023,2023-01,2023-01-01,2023-01-31,2023-05-01,1766,1398,368,710,692,651,41,18,0.940751,1,4570,search_count_invariants_ok,2026-08-28T17:55:36.526241+00:00
,2,microsoft/vscode,,,,developer_tools,TypeScript,2023,2023-02,2023-02-01,2023-02-28,2023-05-29,2014,1632,382,605,580,547,33,25,0.943103,1,4570,search_count_invariants_ok,2026-08-28T17:55:36.526241+00:00
,2,microsoft/vscode,,,,developer_tools,TypeScript,2023,2023-03,2023-03-01,2023-03-31,2023-06-29,2156,1791,365,863,840,788,52,23,0.938095,1,4570,search_count_invariants_ok,2026-08-28T17:55:36.526241+00:00
,2,microsoft/vscode,,,,developer_tools,TypeScript,2023,2023-04,2023-04-01,2023-04-30,2023-07-29,1635,1395,240,625,615,554,61,10,0.900813,1,4570,search_count_invariants_ok,2026-08-28T17:55:36.526241+00:00
,2,microsoft/vscode,,,,developer_tools,TypeScript,2023,2023-05,2023-05-01,2023-05-31,2023-08-29,1918,1602,316,733,700,648,52,33,0.925714,1,4570,search_count_invariants_ok,2026-08-28T17:55:36.526241+00:00
,2,microsoft/vscode,,,,developer_tools,TypeScript,2024,2024-01,2024-01-01,2024-01-31,2024-04-30,1508,1197,311,678,667,629,38,11,0.943028,1,4570,search_count_invariants_ok,2026-08-28T17:55:36.526241+00:00
,2,microsoft/vscode,,,,developer_tools,TypeScript,2024,2024-02,2024-02-01,2024-02-29,2024-05-29,1796,1382,414,744,728,674,54,16,0.925824,1,4570,search_count_invariants_ok,2026-08-28T17:55:36.526241+00:00
,2,microsoft/vscode,,,,developer_tools,TypeScript,2024,2024-03,2024-03-01,2024-03-31,2024-06-29,1841,1455,386,730,706,666,40,24,0.943343,1,4570,search_count_invariants_ok,2026-08-28T17:55:36.526241+00:00
,2,microsoft/vscode,,,,developer_tools,TypeScript,2024,2024-04,2024-04-01,2024-04-30,2024-07-29,1700,1306,394,728,687,627,60,41,0.912664,1,4570,search_count_invariants_ok,2026-08-28T17:55:36.526241+00:00
,2,microsoft/vscode,,,,developer_tools,TypeScript,2024,2024-05,2024-05-01,2024-05-31,2024-08-29,1512,1158,354,679,655,611,44,24,0.932824,1,4570,search_count_invariants_ok,2026-08-28T17:55:36.526241+00:00
,2,microsoft/vscode,,,,developer_tools,TypeScript,2025,2025-01,2025-01-01,2025-01-31,2025-05-01,1364,1000,364,775,750,692,58,25,0.922667,1,4570,search_count_invariants_ok,2026-08-28T17:55:36.526241+00:00
,2,microsoft/vscode,,,,developer_tools,TypeScript,2025,2025-02,2025-02-01,2025-02-28,2025-05-29,1841,1389,452,1021,994,928,66,27,0.933602,1,4570,search_count_invariants_ok,2026-08-28T17:55:36.526241+00:00
,2,microsoft/vscode,,,,developer_tools,TypeScript,2025,2025-03,2025-03-01,2025-03-31,2025-06-29,1641,1252,389,1061,1028,961,67,33,0.934825,1,4570,search_count_invariants_ok,2026-08-28T17:55:36.526241+00:00
,2,microsoft/vscode,,,,developer_tools,TypeScript,2025,2025-04,2025-04-01,2025-04-30,2025-07-29,1586,1139,447,887,860,804,56,27,0.934884,1,4570,search_count_invariants_ok,2026-08-28T17:55:36.526241+00:00
,2,microsoft/vscode,,,,developer_tools,TypeScript,2025,2025-05,2025-05-01,2025-05-31,2025-08-29,1375,1004,371,759,728,670,58,31,0.92033,1,4570,search_count_invariants_ok,2026-08-28T17:55:36.526241+00:00
,2,microsoft/vscode,,,,developer_tools,TypeScript,2026,2026-01,2026-01-01,2026-01-31,2026-05-01,4710,3655,1055,1746,1624,1369,255,122,0.84298,1,4570,search_count_invariants_ok,2026-08-28T17:55:36.526241+00:00
,2,microsoft/vscode,,,,developer_tools,TypeScript,2026,2026-02,2026-02-01,2026-02-28,2026-05-29,4437,3420,1017,1863,1724,1448,276,139,0.839907,1,4570,search_count_invariants_ok,2026-08-28T17:55:36.526241+00:00
,2,microsoft/vscode,,,,developer_tools,TypeScript,2026,2026-03,2026-03-01,2026-03-31,2026-06-29,6137,4882,1255,2208,1931,1559,372,277,0.807354,1,4570,search_count_invariants_ok,2026-08-28T17:55:36.526241+00:00
,2,microsoft/vscode,,,,developer_tools,TypeScript,2026,2026-04,2026-04-01,2026-04-30,2026-07-29,3639,2499,1140,2884,2545,1839,706,339,0.722593,1,4570,search_count_invariants_ok,2026-08-28T17:55:36.526241+00:00
,2,microsoft/vscode,,,,developer_tools,TypeScript,2026,2026-05,2026-05-01,2026-05-31,2026-08-29,3388,2208,1180,2125,1824,1532,292,301,0.839912,1,4570,search_count_invariants_ok,2026-08-28T17:55:36.526241+00:00
,3,vuejs/core,,,,application_framework,TypeScript,2022,2022-01,2022-01-01,2022-01-31,2022-05-01,115,91,24,39,24,13,11,15,0.541667,1,4569,search_count_invariants_ok,2026-08-28T17:55:43.963417+00:00
,3,vuejs/core,,,,application_framework,TypeScript,2022,2022-02,2022-02-01,2022-02-28,2022-05-29,100,86,14,40,22,12,10,18,0.545455,1,4569,search_count_invariants_ok,2026-08-28T17:55:43.963417+00:00
,3,vuejs/core,,,,application_framework,TypeScript,2022,2022-03,2022-03-01,2022-03-31,2022-06-29,117,93,24,33,26,11,15,7,0.423077,1,4569,search_count_invariants_ok,2026-08-28T17:55:43.963417+00:00
,3,vuejs/core,,,,application_framework,TypeScript,2022,2022-04,2022-04-01,2022-04-30,2022-07-29,122,88,34,61,41,13,28,20,0.317073,1,4569,search_count_invariants_ok,2026-08-28T17:55:43.963417+00:00
,3,vuejs/core,,,,application_framework,TypeScript,2022,2022-05,2022-05-01,2022-05-31,2022-08-29,119,80,39,62,41,25,16,21,0.609756,1,4569,search_count_invariants_ok,2026-08-28T17:55:43.963417+00:00
,3,vuejs/core,,,,application_framework,TypeScript,2023,2023-01,2023-01-01,2023-01-31,2023-05-01,72,49,23,45,24,10,14,21,0.416667,1,4569,search_count_invariants_ok,2026-08-28T17:55:43.963417+00:00
,3,vuejs/core,,,,application_framework,TypeScript,2023,2023-02,2023-02-01,2023-02-28,2023-05-29,71,44,27,54,22,7,15,32,0.318182,1,4569,search_count_invariants_ok,2026-08-28T17:55:43.963417+00:00
,3,vuejs/core,,,,application_framework,TypeScript,2023,2023-03,2023-03-01,2023-03-31,2023-06-29,84,47,37,58,30,23,7,28,0.766667,1,4569,search_count_invariants_ok,2026-08-28T17:55:43.963417+00:00
,3,vuejs/core,,,,application_framework,TypeScript,2023,2023-04,2023-04-01,2023-04-30,2023-07-29,78,48,30,58,41,22,19,17,0.536585,1,4569,search_count_invariants_ok,2026-08-28T17:55:43.963417+00:00
,3,vuejs/core,,,,application_framework,TypeScript,2023,2023-05,2023-05-01,2023-05-31,2023-08-29,114,81,33,73,53,27,26,20,0.509434,1,4569,search_count_invariants_ok,2026-08-28T17:55:43.963417+00:00
,3,vuejs/core,,,,application_framework,TypeScript,2024,2024-01,2024-01-01,2024-01-31,2024-04-30,108,98,10,85,77,57,20,8,0.74026,1,4569,search_count_invariants_ok,2026-08-28T17:55:43.963417+00:00
,3,vuejs/core,,,,application_framework,TypeScript,2024,2024-02,2024-02-01,2024-02-29,2024-05-29,62,48,14,64,58,43,15,6,0.741379,1,4569,search_count_invariants_ok,2026-08-28T17:55:43.963417+00:00
,3,vuejs/core,,,,application_framework,TypeScript,2024,2024-03,2024-03-01,2024-03-31,2024-06-29,63,51,12,46,41,30,11,5,0.731707,1,4569,search_count_invariants_ok,2026-08-28T17:55:43.963417+00:00
,3,vuejs/core,,,,application_framework,TypeScript,2024,2024-04,2024-04-01,2024-04-30,2024-07-29,81,70,11,56,48,32,16,8,0.666667,1,4569,search_count_invariants_ok,2026-08-28T17:55:43.963417+00:00
,3,vuejs/core,,,,application_framework,TypeScript,2024,2024-05,2024-05-01,2024-05-31,2024-08-29,66,51,15,64,57,43,14,7,0.754386,1,4569,search_count_invariants_ok,2026-08-28T17:55:43.963417+00:00
,3,vuejs/core,,,,application_framework,TypeScript,2025,2025-01,2025-01-01,2025-01-31,2025-05-01,46,24,22,67,45,30,15,22,0.666667,1,4569,search_count_invariants_ok,2026-08-28T17:55:43.963417+00:00
,3,vuejs/core,,,,application_framework,TypeScript,2025,2025-02,2025-02-01,2025-02-28,2025-05-29,50,33,17,68,45,35,10,23,0.777778,1,4569,search_count_invariants_ok,2026-08-28T17:55:43.963417+00:00
,3,vuejs/core,,,,application_framework,TypeScript,2025,2025-03,2025-03-01,2025-03-31,2025-06-29,43,33,10,69,48,38,10,21,0.791667,1,4569,search_count_invariants_ok,2026-08-28T17:55:43.963417+00:00
,3,vuejs/core,,,,application_framework,TypeScript,2025,2025-04,2025-04-01,2025-04-30,2025-07-29,55,39,16,58,46,35,11,12,0.76087,1,4569,search_count_invariants_ok,2026-08-28T17:55:43.963417+00:00
,3,vuejs/core,,,,application_framework,TypeScript,2025,2025-05,2025-05-01,2025-05-31,2025-08-29,34,26,8,78,61,48,13,17,0.786885,1,4569,search_count_invariants_ok,2026-08-28T17:55:43.963417+00:00
,3,vuejs/core,,,,application_framework,TypeScript,2026,2026-01,2026-01-01,2026-01-31,2026-05-01,27,20,7,68,65,58,7,3,0.892308,1,4569,search_count_invariants_ok,2026-08-28T17:55:43.963417+00:00
,3,vuejs/core,,,,application_framework,TypeScript,2026,2026-02,2026-02-01,2026-02-28,2026-05-29,27,25,2,78,71,62,9,7,0.873239,1,4569,search_count_invariants_ok,2026-08-28T17:55:43.963417+00:00
,3,vuejs/core,,,,application_framework,TypeScript,2026,2026-03,2026-03-01,2026-03-31,2026-06-29,27,26,1,119,114,94,20,5,0.824561,1,4569,search_count_invariants_ok,2026-08-28T17:55:43.963417+00:00
,3,vuejs/core,,,,application_framework,TypeScript,2026,2026-04,2026-04-01,2026-04-30,2026-07-29,17,16,1,72,65,52,13,7,0.8,1,4569,search_count_invariants_ok,2026-08-28T17:55:43.963417+00:00
,3,vuejs/core,,,,application_framework,TypeScript,2026,2026-05,2026-05-01,2026-05-31,2026-08-29,18,16,2,99,97,91,6,2,0.938144,1,4569,search_count_invariants_ok,2026-08-28T17:55:43.963417+00:00
,4,kata-containers/kata-containers,,,,cloud_native,Rust,2022,2022-01,2022-01-01,2022-01-31,2022-05-01,104,77,27,97,96,74,22,1,0.770833,1,4568,search_count_invariants_ok,2026-08-28T17:55:51.200143+00:00
,4,kata-containers/kata-containers,,,,cloud_native,Rust,2022,2022-02,2022-02-01,2022-02-28,2022-05-29,111,76,35,105,102,76,26,3,0.745098,1,4568,search_count_invariants_ok,2026-08-28T17:55:51.200143+00:00
,4,kata-containers/kata-containers,,,,cloud_native,Rust,2022,2022-03,2022-03-01,2022-03-31,2022-06-29,107,71,36,117,110,94,16,7,0.854545,1,4568,search_count_invariants_ok,2026-08-28T17:55:51.200143+00:00
,4,kata-containers/kata-containers,,,,cloud_native,Rust,2022,2022-04,2022-04-01,2022-04-30,2022-07-29,93,65,28,77,71,61,10,6,0.859155,1,4568,search_count_invariants_ok,2026-08-28T17:55:51.200143+00:00
,4,kata-containers/kata-containers,,,,cloud_native,Rust,2022,2022-05,2022-05-01,2022-05-31,2022-08-29,87,55,32,81,75,69,6,6,0.92,1,4568,search_count_invariants_ok,2026-08-28T17:55:51.200143+00:00
,4,kata-containers/kata-containers,,,,cloud_native,Rust,2023,2023-01,2023-01-01,2023-01-31,2023-05-01,113,73,40,100,87,76,11,13,0.873563,1,4568,search_count_invariants_ok,2026-08-28T17:55:51.200143+00:00
,4,kata-containers/kata-containers,,,,cloud_native,Rust,2023,2023-02,2023-02-01,2023-02-28,2023-05-29,106,59,47,108,97,82,15,11,0.845361,1,4568,search_count_invariants_ok,2026-08-28T17:55:51.200143+00:00
,4,kata-containers/kata-containers,,,,cloud_native,Rust,2023,2023-03,2023-03-01,2023-03-31,2023-06-29,114,58,56,68,63,55,8,5,0.873016,1,4568,search_count_invariants_ok,2026-08-28T17:55:51.200143+00:00
,4,kata-containers/kata-containers,,,,cloud_native,Rust,2023,2023-04,2023-04-01,2023-04-30,2023-07-29,94,50,44,96,78,65,13,18,0.833333,1,4568,search_count_invariants_ok,2026-08-28T17:55:51.200143+00:00
,4,kata-containers/kata-containers,,,,cloud_native,Rust,2023,2023-05,2023-05-01,2023-05-31,2023-08-29,116,69,47,116,103,90,13,13,0.873786,1,4568,search_count_invariants_ok,2026-08-28T17:55:51.200143+00:00
,4,kata-containers/kata-containers,,,,cloud_native,Rust,2024,2024-01,2024-01-01,2024-01-31,2024-04-30,133,82,51,97,86,73,13,11,0.848837,1,4568,search_count_invariants_ok,2026-08-28T17:55:51.200143+00:00
,4,kata-containers/kata-containers,,,,cloud_native,Rust,2024,2024-02,2024-02-01,2024-02-29,2024-05-29,112,92,20,101,91,81,10,10,0.89011,1,4568,search_count_invariants_ok,2026-08-28T17:55:51.200143+00:00
,4,kata-containers/kata-containers,,,,cloud_native,Rust,2024,2024-03,2024-03-01,2024-03-31,2024-06-29,98,74,24,87,78,71,7,9,0.910256,1,4568,search_count_invariants_ok,2026-08-28T17:55:51.200143+00:00
,4,kata-containers/kata-containers,,,,cloud_native,Rust,2024,2024-04,2024-04-01,2024-04-30,2024-07-29,98,55,43,95,84,72,12,11,0.857143,1,4568,search_count_invariants_ok,2026-08-28T17:55:51.200143+00:00
,4,kata-containers/kata-containers,,,,cloud_native,Rust,2024,2024-05,2024-05-01,2024-05-31,2024-08-29,73,34,39,113,105,91,14,8,0.866667,1,4568,search_count_invariants_ok,2026-08-28T17:55:51.200143+00:00
,4,kata-containers/kata-containers,,,,cloud_native,Rust,2025,2025-01,2025-01-01,2025-01-31,2025-05-01,36,15,21,89,77,61,16,12,0.792208,1,4568,search_count_invariants_ok,2026-08-28T17:55:51.200143+00:00
,4,kata-containers/kata-containers,,,,cloud_native,Rust,2025,2025-02,2025-02-01,2025-02-28,2025-05-29,50,14,36,86,75,63,12,11,0.84,1,4568,search_count_invariants_ok,2026-08-28T17:55:51.200143+00:00
,4,kata-containers/kata-containers,,,,cloud_native,Rust,2025,2025-03,2025-03-01,2025-03-31,2025-06-29,45,24,21,100,89,75,14,11,0.842697,1,4568,search_count_invariants_ok,2026-08-28T17:55:51.200143+00:00
,4,kata-containers/kata-containers,,,,cloud_native,Rust,2025,2025-04,2025-04-01,2025-04-30,2025-07-29,46,19,27,69,56,49,7,13,0.875,1,4568,search_count_invariants_ok,2026-08-28T17:55:51.200143+00:00
,4,kata-containers/kata-containers,,,,cloud_native,Rust,2025,2025-05,2025-05-01,2025-05-31,2025-08-29,37,14,23,91,81,70,11,10,0.864198,1,4568,search_count_invariants_ok,2026-08-28T17:55:51.200143+00:00
,4,kata-containers/kata-containers,,,,cloud_native,Rust,2026,2026-01,2026-01-01,2026-01-31,2026-05-01,27,9,18,112,103,78,25,9,0.757282,1,4568,search_count_invariants_ok,2026-08-28T17:55:51.200143+00:00
,4,kata-containers/kata-containers,,,,cloud_native,Rust,2026,2026-02,2026-02-01,2026-02-28,2026-05-29,29,16,13,155,142,99,43,13,0.697183,1,4568,search_count_invariants_ok,2026-08-28T17:55:51.200143+00:00
,4,kata-containers/kata-containers,,,,cloud_native,Rust,2026,2026-03,2026-03-01,2026-03-31,2026-06-29,28,10,18,122,114,75,39,8,0.657895,1,4568,search_count_invariants_ok,2026-08-28T17:55:51.200143+00:00
,4,kata-containers/kata-containers,,,,cloud_native,Rust,2026,2026-04,2026-04-01,2026-04-30,2026-07-29,39,20,19,159,147,120,27,12,0.816327,1,4568,search_count_invariants_ok,2026-08-28T17:55:51.200143+00:00
,4,kata-containers/kata-containers,,,,cloud_native,Rust,2026,2026-05,2026-05-01,2026-05-31,2026-08-29,20,15,5,155,139,110,29,16,0.791367,1,4568,search_count_invariants_ok,2026-08-28T17:55:51.200143+00:00
,5,prometheus/prometheus,,,,cloud_native,Go,2022,2022-01,2022-01-01,2022-01-31,2022-05-01,41,22,19,75,66,53,13,9,0.80303,1,4567,search_count_invariants_ok,2026-08-28T17:55:58.875291+00:00
,5,prometheus/prometheus,,,,cloud_native,Go,2022,2022-02,2022-02-01,2022-02-28,2022-05-29,42,30,12,78,72,46,26,6,0.638889,1,4567,search_count_invariants_ok,2026-08-28T17:55:58.875291+00:00
,5,prometheus/prometheus,,,,cloud_native,Go,2022,2022-03,2022-03-01,2022-03-31,2022-06-29,38,28,10,82,76,58,18,6,0.763158,1,4567,search_count_invariants_ok,2026-08-28T17:55:58.875291+00:00
,5,prometheus/prometheus,,,,cloud_native,Go,2022,2022-04,2022-04-01,2022-04-30,2022-07-29,33,26,7,88,80,59,21,8,0.7375,1,4567,search_count_invariants_ok,2026-08-28T17:55:58.875291+00:00
,5,prometheus/prometheus,,,,cloud_native,Go,2022,2022-05,2022-05-01,2022-05-31,2022-08-29,36,25,11,99,88,60,28,11,0.681818,1,4567,search_count_invariants_ok,2026-08-28T17:55:58.875291+00:00
,5,prometheus/prometheus,,,,cloud_native,Go,2023,2023-01,2023-01-01,2023-01-31,2023-05-01,35,21,14,74,67,51,16,7,0.761194,1,4567,search_count_invariants_ok,2026-08-28T17:55:58.875291+00:00
,5,prometheus/prometheus,,,,cloud_native,Go,2023,2023-02,2023-02-01,2023-02-28,2023-05-29,52,32,20,42,34,25,9,8,0.735294,1,4567,search_count_invariants_ok,2026-08-28T17:55:58.875291+00:00
,5,prometheus/prometheus,,,,cloud_native,Go,2023,2023-03,2023-03-01,2023-03-31,2023-06-29,40,24,16,105,95,68,27,10,0.715789,1,4567,search_count_invariants_ok,2026-08-28T17:55:58.875291+00:00
,5,prometheus/prometheus,,,,cloud_native,Go,2023,2023-04,2023-04-01,2023-04-30,2023-07-29,30,13,17,63,59,49,10,4,0.830508,1,4567,search_count_invariants_ok,2026-08-28T17:55:58.875291+00:00
,5,prometheus/prometheus,,,,cloud_native,Go,2023,2023-05,2023-05-01,2023-05-31,2023-08-29,37,16,21,63,59,47,12,4,0.79661,1,4567,search_count_invariants_ok,2026-08-28T17:55:58.875291+00:00
,5,prometheus/prometheus,,,,cloud_native,Go,2024,2024-01,2024-01-01,2024-01-31,2024-04-30,46,15,31,106,94,77,17,12,0.819149,1,4567,search_count_invariants_ok,2026-08-28T17:55:58.875291+00:00
,5,prometheus/prometheus,,,,cloud_native,Go,2024,2024-02,2024-02-01,2024-02-29,2024-05-29,64,20,44,97,76,52,24,21,0.684211,1,4567,search_count_invariants_ok,2026-08-28T17:55:58.875291+00:00
,5,prometheus/prometheus,,,,cloud_native,Go,2024,2024-03,2024-03-01,2024-03-31,2024-06-29,38,23,15,134,123,100,23,11,0.813008,1,4567,search_count_invariants_ok,2026-08-28T17:55:58.875291+00:00
,5,prometheus/prometheus,,,,cloud_native,Go,2024,2024-04,2024-04-01,2024-04-30,2024-07-29,47,20,27,97,81,65,16,16,0.802469,1,4567,search_count_invariants_ok,2026-08-28T17:55:58.875291+00:00
,5,prometheus/prometheus,,,,cloud_native,Go,2024,2024-05,2024-05-01,2024-05-31,2024-08-29,45,28,17,101,88,62,26,13,0.704545,1,4567,search_count_invariants_ok,2026-08-28T17:55:58.875291+00:00
,5,prometheus/prometheus,,,,cloud_native,Go,2025,2025-01,2025-01-01,2025-01-31,2025-05-01,32,13,19,144,131,98,33,13,0.748092,1,4567,search_count_invariants_ok,2026-08-28T17:55:58.875291+00:00
,5,prometheus/prometheus,,,,cloud_native,Go,2025,2025-02,2025-02-01,2025-02-28,2025-05-29,37,24,13,131,121,75,46,10,0.619835,1,4567,search_count_invariants_ok,2026-08-28T17:55:58.875291+00:00
,5,prometheus/prometheus,,,,cloud_native,Go,2025,2025-03,2025-03-01,2025-03-31,2025-06-29,37,20,17,226,210,175,35,16,0.833333,1,4567,search_count_invariants_ok,2026-08-28T17:55:58.875291+00:00
,5,prometheus/prometheus,,,,cloud_native,Go,2025,2025-04,2025-04-01,2025-04-30,2025-07-29,52,25,27,108,99,79,20,9,0.79798,1,4567,search_count_invariants_ok,2026-08-28T17:55:58.875291+00:00
,5,prometheus/prometheus,,,,cloud_native,Go,2025,2025-05,2025-05-01,2025-05-31,2025-08-29,49,22,27,69,63,56,7,6,0.888889,1,4567,search_count_invariants_ok,2026-08-28T17:55:58.875291+00:00
,5,prometheus/prometheus,,,,cloud_native,Go,2026,2026-01,2026-01-01,2026-01-31,2026-05-01,43,28,15,180,161,127,34,19,0.78882,1,4567,search_count_invariants_ok,2026-08-28T17:55:58.875291+00:00
,5,prometheus/prometheus,,,,cloud_native,Go,2026,2026-02,2026-02-01,2026-02-28,2026-05-29,29,17,12,190,157,116,41,33,0.738854,1,4567,search_count_invariants_ok,2026-08-28T17:55:58.875291+00:00
,5,prometheus/prometheus,,,,cloud_native,Go,2026,2026-03,2026-03-01,2026-03-31,2026-06-29,36,20,16,161,128,96,32,33,0.75,1,4567,search_count_invariants_ok,2026-08-28T17:55:58.875291+00:00
,5,prometheus/prometheus,,,,cloud_native,Go,2026,2026-04,2026-04-01,2026-04-30,2026-07-29,24,12,12,144,118,90,28,26,0.762712,1,4567,search_count_invariants_ok,2026-08-28T17:55:58.875291+00:00
,5,prometheus/prometheus,,,,cloud_native,Go,2026,2026-05,2026-05-01,2026-05-31,2026-08-29,25,17,8,163,122,104,18,41,0.852459,1,4567,search_count_invariants_ok,2026-08-28T17:55:58.875291+00:00
,6,envoyproxy/envoy,,,,cloud_native,C++,2022,2022-01,2022-01-01,2022-01-31,2022-05-01,153,121,32,239,235,200,35,4,0.851064,1,4566,search_count_invariants_ok,2026-08-28T17:56:07.081429+00:00
,6,envoyproxy/envoy,,,,cloud_native,C++,2022,2022-02,2022-02-01,2022-02-28,2022-05-29,124,99,25,261,257,197,60,4,0.766537,1,4566,search_count_invariants_ok,2026-08-28T17:56:07.081429+00:00
,6,envoyproxy/envoy,,,,cloud_native,C++,2022,2022-03,2022-03-01,2022-03-31,2022-06-29,162,131,31,305,305,245,60,0,0.803279,1,4566,search_count_invariants_ok,2026-08-28T17:56:07.081429+00:00
,6,envoyproxy/envoy,,,,cloud_native,C++,2022,2022-04,2022-04-01,2022-04-30,2022-07-29,169,131,38,310,307,255,52,3,0.830619,1,4566,search_count_invariants_ok,2026-08-28T17:56:07.081429+00:00
,6,envoyproxy/envoy,,,,cloud_native,C++,2022,2022-05,2022-05-01,2022-05-31,2022-08-29,133,104,29,286,284,236,48,2,0.830986,1,4566,search_count_invariants_ok,2026-08-28T17:56:07.081429+00:00
,6,envoyproxy/envoy,,,,cloud_native,C++,2023,2023-01,2023-01-01,2023-01-31,2023-05-01,161,129,32,395,390,315,75,5,0.807692,1,4566,search_count_invariants_ok,2026-08-28T17:56:07.081429+00:00
,6,envoyproxy/envoy,,,,cloud_native,C++,2023,2023-02,2023-02-01,2023-02-28,2023-05-29,167,142,25,383,377,324,53,6,0.859416,1,4566,search_count_invariants_ok,2026-08-28T17:56:07.081429+00:00
,6,envoyproxy/envoy,,,,cloud_native,C++,2023,2023-03,2023-03-01,2023-03-31,2023-06-29,209,164,45,454,446,382,64,8,0.856502,1,4566,search_count_invariants_ok,2026-08-28T17:56:07.081429+00:00
,6,envoyproxy/envoy,,,,cloud_native,C++,2023,2023-04,2023-04-01,2023-04-30,2023-07-29,169,144,25,405,400,336,64,5,0.84,1,4566,search_count_invariants_ok,2026-08-28T17:56:07.081429+00:00
,6,envoyproxy/envoy,,,,cloud_native,C++,2023,2023-05,2023-05-01,2023-05-31,2023-08-29,171,144,27,503,494,413,81,9,0.836032,1,4566,search_count_invariants_ok,2026-08-28T17:56:07.081429+00:00
,6,envoyproxy/envoy,,,,cloud_native,C++,2024,2024-01,2024-01-01,2024-01-31,2024-04-30,172,134,38,398,394,316,78,4,0.80203,1,4566,search_count_invariants_ok,2026-08-28T17:56:07.081429+00:00
,6,envoyproxy/envoy,,,,cloud_native,C++,2024,2024-02,2024-02-01,2024-02-29,2024-05-29,135,103,32,382,375,305,70,7,0.813333,1,4566,search_count_invariants_ok,2026-08-28T17:56:07.081429+00:00
,6,envoyproxy/envoy,,,,cloud_native,C++,2024,2024-03,2024-03-01,2024-03-31,2024-06-29,143,117,26,440,437,340,97,3,0.778032,1,4566,search_count_invariants_ok,2026-08-28T17:56:07.081429+00:00
,6,envoyproxy/envoy,,,,cloud_native,C++,2024,2024-04,2024-04-01,2024-04-30,2024-07-29,161,140,21,485,480,393,87,5,0.81875,1,4566,search_count_invariants_ok,2026-08-28T17:56:07.081429+00:00
,6,envoyproxy/envoy,,,,cloud_native,C++,2024,2024-05,2024-05-01,2024-05-31,2024-08-29,139,117,22,446,440,368,72,6,0.836364,1,4566,search_count_invariants_ok,2026-08-28T17:56:07.081429+00:00
,6,envoyproxy/envoy,,,,cloud_native,C++,2025,2025-01,2025-01-01,2025-01-31,2025-05-01,144,117,27,292,288,196,92,4,0.680556,1,4566,search_count_invariants_ok,2026-08-28T17:56:07.081429+00:00
,6,envoyproxy/envoy,,,,cloud_native,C++,2025,2025-02,2025-02-01,2025-02-28,2025-05-29,113,92,21,219,213,169,44,6,0.793427,1,4566,search_count_invariants_ok,2026-08-28T17:56:07.081429+00:00
,6,envoyproxy/envoy,,,,cloud_native,C++,2025,2025-03,2025-03-01,2025-03-31,2025-06-29,109,92,17,251,244,179,65,7,0.733607,1,4566,search_count_invariants_ok,2026-08-28T17:56:07.081429+00:00
,6,envoyproxy/envoy,,,,cloud_native,C++,2025,2025-04,2025-04-01,2025-04-30,2025-07-29,110,83,27,199,199,150,49,0,0.753769,1,4566,search_count_invariants_ok,2026-08-28T17:56:07.081429+00:00
,6,envoyproxy/envoy,,,,cloud_native,C++,2025,2025-05,2025-05-01,2025-05-31,2025-08-29,110,97,13,298,294,232,62,4,0.789116,1,4566,search_count_invariants_ok,2026-08-28T17:56:07.081429+00:00
,6,envoyproxy/envoy,,,,cloud_native,C++,2026,2026-01,2026-01-01,2026-01-31,2026-05-01,89,70,19,342,336,261,75,6,0.776786,1,4566,search_count_invariants_ok,2026-08-28T17:56:07.081429+00:00
,6,envoyproxy/envoy,,,,cloud_native,C++,2026,2026-02,2026-02-01,2026-02-28,2026-05-29,85,76,9,354,347,271,76,7,0.78098,1,4566,search_count_invariants_ok,2026-08-28T17:56:07.081429+00:00
,6,envoyproxy/envoy,,,,cloud_native,C++,2026,2026-03,2026-03-01,2026-03-31,2026-06-29,90,83,7,407,403,296,107,4,0.734491,1,4566,search_count_invariants_ok,2026-08-28T17:56:07.081429+00:00
,6,envoyproxy/envoy,,,,cloud_native,C++,2026,2026-04,2026-04-01,2026-04-30,2026-07-29,92,75,17,483,478,310,168,5,0.648536,1,4566,search_count_invariants_ok,2026-08-28T17:56:07.081429+00:00
,6,envoyproxy/envoy,,,,cloud_native,C++,2026,2026-05,2026-05-01,2026-05-31,2026-08-29,100,85,15,408,390,279,111,18,0.715385,1,4566,search_count_invariants_ok,2026-08-28T17:56:07.081429+00:00
,7,grafana/grafana,,,,open_source_application,TypeScript,2022,2022-01,2022-01-01,2022-01-31,2022-05-01,312,207,105,658,654,579,75,4,0.885321,1,4565,search_count_invariants_ok,2026-08-28T17:56:15.485851+00:00
,7,grafana/grafana,,,,open_source_application,TypeScript,2022,2022-02,2022-02-01,2022-02-28,2022-05-29,307,218,89,889,879,774,105,10,0.880546,1,4565,search_count_invariants_ok,2026-08-28T17:56:15.485851+00:00
,7,grafana/grafana,,,,open_source_application,TypeScript,2022,2022-03,2022-03-01,2022-03-31,2022-06-29,366,258,108,723,714,620,94,9,0.868347,1,4565,search_count_invariants_ok,2026-08-28T17:56:15.485851+00:00
,7,grafana/grafana,,,,open_source_application,TypeScript,2022,2022-04,2022-04-01,2022-04-30,2022-07-29,398,295,103,934,921,820,101,13,0.890337,1,4565,search_count_invariants_ok,2026-08-28T17:56:15.485851+00:00
,7,grafana/grafana,,,,open_source_application,TypeScript,2022,2022-05,2022-05-01,2022-05-31,2022-08-29,344,264,80,967,959,863,96,8,0.899896,1,4565,search_count_invariants_ok,2026-08-28T17:56:15.485851+00:00
,7,grafana/grafana,,,,open_source_application,TypeScript,2023,2023-01,2023-01-01,2023-01-31,2023-05-01,485,298,187,1187,1165,1032,133,22,0.885837,1,4565,search_count_invariants_ok,2026-08-28T17:56:15.485851+00:00
,7,grafana/grafana,,,,open_source_application,TypeScript,2023,2023-02,2023-02-01,2023-02-28,2023-05-29,366,224,142,819,790,704,86,29,0.891139,1,4565,search_count_invariants_ok,2026-08-28T17:56:15.485851+00:00
,7,grafana/grafana,,,,open_source_application,TypeScript,2023,2023-03,2023-03-01,2023-03-31,2023-06-29,575,376,199,1170,1131,991,140,39,0.876216,1,4565,search_count_invariants_ok,2026-08-28T17:56:15.485851+00:00
,7,grafana/grafana,,,,open_source_application,TypeScript,2023,2023-04,2023-04-01,2023-04-30,2023-07-29,606,340,266,1135,1082,958,124,53,0.885397,1,4565,search_count_invariants_ok,2026-08-28T17:56:15.485851+00:00
,7,grafana/grafana,,,,open_source_application,TypeScript,2023,2023-05,2023-05-01,2023-05-31,2023-08-29,476,293,183,1213,1198,1097,101,15,0.915693,1,4565,search_count_invariants_ok,2026-08-28T17:56:15.485851+00:00
,7,grafana/grafana,,,,open_source_application,TypeScript,2024,2024-01,2024-01-01,2024-01-31,2024-04-30,494,260,234,1250,1233,1104,129,17,0.895377,1,4565,search_count_invariants_ok,2026-08-28T17:56:15.485851+00:00
,7,grafana/grafana,,,,open_source_application,TypeScript,2024,2024-02,2024-02-01,2024-02-29,2024-05-29,871,317,554,1170,1156,994,162,14,0.859862,1,4565,search_count_invariants_ok,2026-08-28T17:56:15.485851+00:00
,7,grafana/grafana,,,,open_source_application,TypeScript,2024,2024-03,2024-03-01,2024-03-31,2024-06-29,443,235,208,1231,1223,1090,133,8,0.891251,1,4565,search_count_invariants_ok,2026-08-28T17:56:15.485851+00:00
,7,grafana/grafana,,,,open_source_application,TypeScript,2024,2024-04,2024-04-01,2024-04-30,2024-07-29,376,188,188,1348,1331,1211,120,17,0.909842,1,4565,search_count_invariants_ok,2026-08-28T17:56:15.485851+00:00
,7,grafana/grafana,,,,open_source_application,TypeScript,2024,2024-05,2024-05-01,2024-05-31,2024-08-29,278,133,145,1129,1115,966,149,14,0.866368,1,4565,search_count_invariants_ok,2026-08-28T17:56:15.485851+00:00
,7,grafana/grafana,,,,open_source_application,TypeScript,2025,2025-01,2025-01-01,2025-01-31,2025-05-01,360,177,183,1132,1116,977,139,16,0.875448,1,4565,search_count_invariants_ok,2026-08-28T17:56:15.485851+00:00
,7,grafana/grafana,,,,open_source_application,TypeScript,2025,2025-02,2025-02-01,2025-02-28,2025-05-29,368,180,188,1169,1157,967,190,12,0.835782,1,4565,search_count_invariants_ok,2026-08-28T17:56:15.485851+00:00
,7,grafana/grafana,,,,open_source_application,TypeScript,2025,2025-03,2025-03-01,2025-03-31,2025-06-29,345,185,160,1314,1298,1088,210,16,0.838213,1,4565,search_count_invariants_ok,2026-08-28T17:56:15.485851+00:00
,7,grafana/grafana,,,,open_source_application,TypeScript,2025,2025-04,2025-04-01,2025-04-30,2025-07-29,317,155,162,1312,1300,1126,174,12,0.866154,1,4565,search_count_invariants_ok,2026-08-28T17:56:15.485851+00:00
,7,grafana/grafana,,,,open_source_application,TypeScript,2025,2025-05,2025-05-01,2025-05-31,2025-08-29,293,139,154,1135,1126,911,215,9,0.809059,1,4565,search_count_invariants_ok,2026-08-28T17:56:15.485851+00:00
,7,grafana/grafana,,,,open_source_application,TypeScript,2026,2026-01,2026-01-01,2026-01-31,2026-05-01,299,175,124,1127,1098,882,216,29,0.803279,1,4565,search_count_invariants_ok,2026-08-28T17:56:15.485851+00:00
,7,grafana/grafana,,,,open_source_application,TypeScript,2026,2026-02,2026-02-01,2026-02-28,2026-05-29,432,265,167,1599,1582,1252,330,17,0.791403,1,4565,search_count_invariants_ok,2026-08-28T17:56:15.485851+00:00
,7,grafana/grafana,,,,open_source_application,TypeScript,2026,2026-03,2026-03-01,2026-03-31,2026-06-29,399,220,179,1905,1886,1414,472,19,0.749735,1,4565,search_count_invariants_ok,2026-08-28T17:56:15.485851+00:00
,7,grafana/grafana,,,,open_source_application,TypeScript,2026,2026-04,2026-04-01,2026-04-30,2026-07-29,366,217,149,1924,1911,1438,473,13,0.752486,1,4565,search_count_invariants_ok,2026-08-28T17:56:15.485851+00:00
,7,grafana/grafana,,,,open_source_application,TypeScript,2026,2026-05,2026-05-01,2026-05-31,2026-08-29,283,138,145,1490,1436,1044,392,54,0.727019,1,4565,search_count_invariants_ok,2026-08-28T17:56:15.485851+00:00
,8,apache/arrow,,,,data_infrastructure,C++,2022,2022-01,2022-01-01,2022-01-31,2022-05-01,287,186,101,240,225,8,217,15,0.035556,1,4564,search_count_invariants_ok,2026-08-28T17:56:23.069531+00:00
,8,apache/arrow,,,,data_infrastructure,C++,2022,2022-02,2022-02-01,2022-02-28,2022-05-29,307,190,117,202,187,0,187,15,0.0,1,4564,search_count_invariants_ok,2026-08-28T17:56:23.069531+00:00
,8,apache/arrow,,,,data_infrastructure,C++,2022,2022-03,2022-03-01,2022-03-31,2022-06-29,287,187,100,224,210,3,207,14,0.014286,1,4564,search_count_invariants_ok,2026-08-28T17:56:23.069531+00:00
,8,apache/arrow,,,,data_infrastructure,C++,2022,2022-04,2022-04-01,2022-04-30,2022-07-29,350,218,132,255,241,9,232,14,0.037344,1,4564,search_count_invariants_ok,2026-08-28T17:56:23.069531+00:00
,8,apache/arrow,,,,data_infrastructure,C++,2022,2022-05,2022-05-01,2022-05-31,2022-08-29,288,187,101,216,206,55,151,10,0.26699,1,4564,search_count_invariants_ok,2026-08-28T17:56:23.069531+00:00
,8,apache/arrow,,,,data_infrastructure,C++,2023,2023-01,2023-01-01,2023-01-31,2023-05-01,286,183,103,236,231,198,33,5,0.857143,1,4564,search_count_invariants_ok,2026-08-28T17:56:23.069531+00:00
,8,apache/arrow,,,,data_infrastructure,C++,2023,2023-02,2023-02-01,2023-02-28,2023-05-29,235,152,83,180,175,145,30,5,0.828571,1,4564,search_count_invariants_ok,2026-08-28T17:56:23.069531+00:00
,8,apache/arrow,,,,data_infrastructure,C++,2023,2023-03,2023-03-01,2023-03-31,2023-06-29,252,166,86,183,175,152,23,8,0.868571,1,4564,search_count_invariants_ok,2026-08-28T17:56:23.069531+00:00
,8,apache/arrow,,,,data_infrastructure,C++,2023,2023-04,2023-04-01,2023-04-30,2023-07-29,295,199,96,229,212,184,28,17,0.867925,1,4564,search_count_invariants_ok,2026-08-28T17:56:23.069531+00:00
,8,apache/arrow,,,,data_infrastructure,C++,2023,2023-05,2023-05-01,2023-05-31,2023-08-29,277,187,90,196,182,157,25,14,0.862637,1,4564,search_count_invariants_ok,2026-08-28T17:56:23.069531+00:00
,8,apache/arrow,,,,data_infrastructure,C++,2024,2024-01,2024-01-01,2024-01-31,2024-04-30,234,148,86,220,194,163,31,26,0.840206,1,4564,search_count_invariants_ok,2026-08-28T17:56:23.069531+00:00
,8,apache/arrow,,,,data_infrastructure,C++,2024,2024-02,2024-02-01,2024-02-29,2024-05-29,218,140,78,199,185,166,19,14,0.897297,1,4564,search_count_invariants_ok,2026-08-28T17:56:23.069531+00:00
,8,apache/arrow,,,,data_infrastructure,C++,2024,2024-03,2024-03-01,2024-03-31,2024-06-29,351,223,128,246,229,204,25,17,0.89083,1,4564,search_count_invariants_ok,2026-08-28T17:56:23.069531+00:00
,8,apache/arrow,,,,data_infrastructure,C++,2024,2024-04,2024-04-01,2024-04-30,2024-07-29,282,191,91,254,235,195,40,19,0.829787,1,4564,search_count_invariants_ok,2026-08-28T17:56:23.069531+00:00
,8,apache/arrow,,,,data_infrastructure,C++,2024,2024-05,2024-05-01,2024-05-31,2024-08-29,197,118,79,220,190,159,31,30,0.836842,1,4564,search_count_invariants_ok,2026-08-28T17:56:23.069531+00:00
,8,apache/arrow,,,,data_infrastructure,C++,2025,2025-01,2025-01-01,2025-01-31,2025-05-01,134,89,45,122,109,95,14,13,0.87156,1,4564,search_count_invariants_ok,2026-08-28T17:56:23.069531+00:00
,8,apache/arrow,,,,data_infrastructure,C++,2025,2025-02,2025-02-01,2025-02-28,2025-05-29,123,71,52,119,111,95,16,8,0.855856,1,4564,search_count_invariants_ok,2026-08-28T17:56:23.069531+00:00
,8,apache/arrow,,,,data_infrastructure,C++,2025,2025-03,2025-03-01,2025-03-31,2025-06-29,192,118,74,154,146,124,22,8,0.849315,1,4564,search_count_invariants_ok,2026-08-28T17:56:23.069531+00:00
,8,apache/arrow,,,,data_infrastructure,C++,2025,2025-04,2025-04-01,2025-04-30,2025-07-29,144,96,48,129,113,96,17,16,0.849558,1,4564,search_count_invariants_ok,2026-08-28T17:56:23.069531+00:00
,8,apache/arrow,,,,data_infrastructure,C++,2025,2025-05,2025-05-01,2025-05-31,2025-08-29,197,123,74,177,160,133,27,17,0.83125,1,4564,search_count_invariants_ok,2026-08-28T17:56:23.069531+00:00
,8,apache/arrow,,,,data_infrastructure,C++,2026,2026-01,2026-01-01,2026-01-31,2026-05-01,183,137,46,214,187,139,48,27,0.743316,1,4564,search_count_invariants_ok,2026-08-28T17:56:23.069531+00:00
,8,apache/arrow,,,,data_infrastructure,C++,2026,2026-02,2026-02-01,2026-02-28,2026-05-29,148,83,65,155,120,94,26,35,0.783333,1,4564,search_count_invariants_ok,2026-08-28T17:56:23.069531+00:00
,8,apache/arrow,,,,data_infrastructure,C++,2026,2026-03,2026-03-01,2026-03-31,2026-06-29,105,79,26,100,92,80,12,8,0.869565,1,4564,search_count_invariants_ok,2026-08-28T17:56:23.069531+00:00
,8,apache/arrow,,,,data_infrastructure,C++,2026,2026-04,2026-04-01,2026-04-30,2026-07-29,131,77,54,139,113,95,18,26,0.840708,1,4564,search_count_invariants_ok,2026-08-28T17:56:23.069531+00:00
,8,apache/arrow,,,,data_infrastructure,C++,2026,2026-05,2026-05-01,2026-05-31,2026-08-29,72,54,18,88,74,68,6,14,0.918919,1,4564,search_count_invariants_ok,2026-08-28T17:56:23.069531+00:00
,9,rust-lang/rust,,,,language_toolchain,Rust,2022,2022-01,2022-01-01,2022-01-31,2022-05-01,426,199,227,629,593,471,122,36,0.794266,1,4563,search_count_invariants_ok,2026-08-28T17:56:31.062877+00:00
,9,rust-lang/rust,,,,language_toolchain,Rust,2022,2022-02,2022-02-01,2022-02-28,2022-05-29,330,161,169,601,559,433,126,42,0.774597,1,4563,search_count_invariants_ok,2026-08-28T17:56:31.062877+00:00
,9,rust-lang/rust,,,,language_toolchain,Rust,2022,2022-03,2022-03-01,2022-03-31,2022-06-29,355,171,184,713,662,526,136,51,0.794562,1,4563,search_count_invariants_ok,2026-08-28T17:56:31.062877+00:00
,9,rust-lang/rust,,,,language_toolchain,Rust,2022,2022-04,2022-04-01,2022-04-30,2022-07-29,352,185,167,683,641,491,150,42,0.765991,1,4563,search_count_invariants_ok,2026-08-28T17:56:31.062877+00:00
,9,rust-lang/rust,,,,language_toolchain,Rust,2022,2022-05,2022-05-01,2022-05-31,2022-08-29,323,174,149,673,622,531,91,51,0.853698,1,4563,search_count_invariants_ok,2026-08-28T17:56:31.062877+00:00
,9,rust-lang/rust,,,,language_toolchain,Rust,2023,2023-01,2023-01-01,2023-01-31,2023-05-01,379,194,185,816,749,627,122,67,0.837116,1,4563,search_count_invariants_ok,2026-08-28T17:56:31.062877+00:00
,9,rust-lang/rust,,,,language_toolchain,Rust,2023,2023-02,2023-02-01,2023-02-28,2023-05-29,320,175,145,725,674,530,144,51,0.78635,1,4563,search_count_invariants_ok,2026-08-28T17:56:31.062877+00:00
,9,rust-lang/rust,,,,language_toolchain,Rust,2023,2023-03,2023-03-01,2023-03-31,2023-06-29,415,246,169,814,751,605,146,63,0.805593,1,4563,search_count_invariants_ok,2026-08-28T17:56:31.062877+00:00
,9,rust-lang/rust,,,,language_toolchain,Rust,2023,2023-04,2023-04-01,2023-04-30,2023-07-29,413,228,185,798,752,613,139,46,0.81516,1,4563,search_count_invariants_ok,2026-08-28T17:56:31.062877+00:00
,9,rust-lang/rust,,,,language_toolchain,Rust,2023,2023-05,2023-05-01,2023-05-31,2023-08-29,380,206,174,721,670,522,148,51,0.779104,1,4563,search_count_invariants_ok,2026-08-28T17:56:31.062877+00:00
,9,rust-lang/rust,,,,language_toolchain,Rust,2024,2024-01,2024-01-01,2024-01-31,2024-04-30,318,171,147,735,701,560,141,34,0.798859,1,4563,search_count_invariants_ok,2026-08-28T17:56:31.062877+00:00
,9,rust-lang/rust,,,,language_toolchain,Rust,2024,2024-02,2024-02-01,2024-02-29,2024-05-29,422,233,189,858,807,656,151,51,0.812887,1,4563,search_count_invariants_ok,2026-08-28T17:56:31.062877+00:00
,9,rust-lang/rust,,,,language_toolchain,Rust,2024,2024-03,2024-03-01,2024-03-31,2024-06-29,445,269,176,1034,965,784,181,69,0.812435,1,4563,search_count_invariants_ok,2026-08-28T17:56:31.062877+00:00
,9,rust-lang/rust,,,,language_toolchain,Rust,2024,2024-04,2024-04-01,2024-04-30,2024-07-29,375,187,188,885,838,707,131,47,0.843675,1,4563,search_count_invariants_ok,2026-08-28T17:56:31.062877+00:00
,9,rust-lang/rust,,,,language_toolchain,Rust,2024,2024-05,2024-05-01,2024-05-31,2024-08-29,410,211,199,848,804,653,151,44,0.812189,1,4563,search_count_invariants_ok,2026-08-28T17:56:31.062877+00:00
,9,rust-lang/rust,,,,language_toolchain,Rust,2025,2025-01,2025-01-01,2025-01-31,2025-05-01,441,242,199,933,879,712,167,54,0.810011,1,4563,search_count_invariants_ok,2026-08-28T17:56:31.062877+00:00
,9,rust-lang/rust,,,,language_toolchain,Rust,2025,2025-02,2025-02-01,2025-02-28,2025-05-29,439,225,214,1017,949,762,187,68,0.80295,1,4563,search_count_invariants_ok,2026-08-28T17:56:31.062877+00:00
,9,rust-lang/rust,,,,language_toolchain,Rust,2025,2025-03,2025-03-01,2025-03-31,2025-06-29,437,242,195,923,860,705,155,63,0.819767,1,4563,search_count_invariants_ok,2026-08-28T17:56:31.062877+00:00
,9,rust-lang/rust,,,,language_toolchain,Rust,2025,2025-04,2025-04-01,2025-04-30,2025-07-29,441,234,207,886,822,663,159,64,0.806569,1,4563,search_count_invariants_ok,2026-08-28T17:56:31.062877+00:00
,9,rust-lang/rust,,,,language_toolchain,Rust,2025,2025-05,2025-05-01,2025-05-31,2025-08-29,433,227,206,811,768,642,126,43,0.835938,1,4563,search_count_invariants_ok,2026-08-28T17:56:31.062877+00:00
,9,rust-lang/rust,,,,language_toolchain,Rust,2026,2026-01,2026-01-01,2026-01-31,2026-05-01,421,226,195,937,860,663,197,77,0.77093,1,4563,search_count_invariants_ok,2026-08-28T17:56:31.062877+00:00
,9,rust-lang/rust,,,,language_toolchain,Rust,2026,2026-02,2026-02-01,2026-02-28,2026-05-29,326,167,159,971,896,661,235,75,0.737723,1,4563,search_count_invariants_ok,2026-08-28T17:56:31.062877+00:00
,9,rust-lang/rust,,,,language_toolchain,Rust,2026,2026-03,2026-03-01,2026-03-31,2026-06-29,373,173,200,1040,963,703,260,77,0.73001,1,4563,search_count_invariants_ok,2026-08-28T17:56:31.062877+00:00
,9,rust-lang/rust,,,,language_toolchain,Rust,2026,2026-04,2026-04-01,2026-04-30,2026-07-29,337,180,157,1019,937,705,232,82,0.752401,1,4563,search_count_invariants_ok,2026-08-28T17:56:31.062877+00:00
,9,rust-lang/rust,,,,language_toolchain,Rust,2026,2026-05,2026-05-01,2026-05-31,2026-08-29,310,163,147,867,780,590,190,87,0.75641,1,4563,search_count_invariants_ok,2026-08-28T17:56:31.062877+00:00
,10,pandas-dev/pandas,,,,data_library,Python,2022,2022-01,2022-01-01,2022-01-31,2022-05-01,184,117,67,412,402,358,44,10,0.890547,1,4562,search_count_invariants_ok,2026-08-28T17:56:39.401065+00:00
,10,pandas-dev/pandas,,,,data_library,Python,2022,2022-02,2022-02-01,2022-02-28,2022-05-29,165,97,68,277,274,244,30,3,0.890511,1,4562,search_count_invariants_ok,2026-08-28T17:56:39.401065+00:00
,10,pandas-dev/pandas,,,,data_library,Python,2022,2022-03,2022-03-01,2022-03-31,2022-06-29,156,74,82,244,235,192,43,9,0.817021,1,4562,search_count_invariants_ok,2026-08-28T17:56:39.401065+00:00
,10,pandas-dev/pandas,,,,data_library,Python,2022,2022-04,2022-04-01,2022-04-30,2022-07-29,152,82,70,169,163,124,39,6,0.760736,1,4562,search_count_invariants_ok,2026-08-28T17:56:39.401065+00:00
,10,pandas-dev/pandas,,,,data_library,Python,2022,2022-05,2022-05-01,2022-05-31,2022-08-29,108,64,44,163,161,137,24,2,0.850932,1,4562,search_count_invariants_ok,2026-08-28T17:56:39.401065+00:00
,10,pandas-dev/pandas,,,,data_library,Python,2023,2023-01,2023-01-01,2023-01-31,2023-05-01,182,103,79,392,385,340,45,7,0.883117,1,4562,search_count_invariants_ok,2026-08-28T17:56:39.401065+00:00
,10,pandas-dev/pandas,,,,data_library,Python,2023,2023-02,2023-02-01,2023-02-28,2023-05-29,181,113,68,421,409,356,53,12,0.870416,1,4562,search_count_invariants_ok,2026-08-28T17:56:39.401065+00:00
,10,pandas-dev/pandas,,,,data_library,Python,2023,2023-03,2023-03-01,2023-03-31,2023-06-29,207,118,89,427,414,362,52,13,0.874396,1,4562,search_count_invariants_ok,2026-08-28T17:56:39.401065+00:00
,10,pandas-dev/pandas,,,,data_library,Python,2023,2023-04,2023-04-01,2023-04-30,2023-07-29,216,131,85,458,449,360,89,9,0.801782,1,4562,search_count_invariants_ok,2026-08-28T17:56:39.401065+00:00
,10,pandas-dev/pandas,,,,data_library,Python,2023,2023-05,2023-05-01,2023-05-31,2023-08-29,168,99,69,293,286,229,57,7,0.800699,1,4562,search_count_invariants_ok,2026-08-28T17:56:39.401065+00:00
,10,pandas-dev/pandas,,,,data_library,Python,2024,2024-01,2024-01-01,2024-01-31,2024-04-30,189,117,72,308,305,243,62,3,0.796721,1,4562,search_count_invariants_ok,2026-08-28T17:56:39.401065+00:00
,10,pandas-dev/pandas,,,,data_library,Python,2024,2024-02,2024-02-01,2024-02-29,2024-05-29,175,112,63,323,313,271,42,10,0.865815,1,4562,search_count_invariants_ok,2026-08-28T17:56:39.401065+00:00
,10,pandas-dev/pandas,,,,data_library,Python,2024,2024-03,2024-03-01,2024-03-31,2024-06-29,123,62,61,286,272,228,44,14,0.838235,1,4562,search_count_invariants_ok,2026-08-28T17:56:39.401065+00:00
,10,pandas-dev/pandas,,,,data_library,Python,2024,2024-04,2024-04-01,2024-04-30,2024-07-29,152,73,79,249,240,185,55,9,0.770833,1,4562,search_count_invariants_ok,2026-08-28T17:56:39.401065+00:00
,10,pandas-dev/pandas,,,,data_library,Python,2024,2024-05,2024-05-01,2024-05-31,2024-08-29,114,62,52,262,252,207,45,10,0.821429,1,4562,search_count_invariants_ok,2026-08-28T17:56:39.401065+00:00
,10,pandas-dev/pandas,,,,data_library,Python,2025,2025-01,2025-01-01,2025-01-31,2025-05-01,63,33,30,121,117,100,17,4,0.854701,1,4562,search_count_invariants_ok,2026-08-28T17:56:39.401065+00:00
,10,pandas-dev/pandas,,,,data_library,Python,2025,2025-02,2025-02-01,2025-02-28,2025-05-29,65,39,26,134,130,112,18,4,0.861538,1,4562,search_count_invariants_ok,2026-08-28T17:56:39.401065+00:00
,10,pandas-dev/pandas,,,,data_library,Python,2025,2025-03,2025-03-01,2025-03-31,2025-06-29,76,41,35,112,105,64,41,7,0.609524,1,4562,search_count_invariants_ok,2026-08-28T17:56:39.401065+00:00
,10,pandas-dev/pandas,,,,data_library,Python,2025,2025-04,2025-04-01,2025-04-30,2025-07-29,75,42,33,99,96,53,43,3,0.552083,1,4562,search_count_invariants_ok,2026-08-28T17:56:39.401065+00:00
,10,pandas-dev/pandas,,,,data_library,Python,2025,2025-05,2025-05-01,2025-05-31,2025-08-29,72,40,32,72,62,48,14,10,0.774194,1,4562,search_count_invariants_ok,2026-08-28T17:56:39.401065+00:00
,10,pandas-dev/pandas,,,,data_library,Python,2026,2026-01,2026-01-01,2026-01-31,2026-05-01,74,50,24,365,342,239,103,23,0.69883,1,4562,search_count_invariants_ok,2026-08-28T17:56:39.401065+00:00
,10,pandas-dev/pandas,,,,data_library,Python,2026,2026-02,2026-02-01,2026-02-28,2026-05-29,80,51,29,297,277,193,84,20,0.696751,1,4562,search_count_invariants_ok,2026-08-28T17:56:39.401065+00:00
,10,pandas-dev/pandas,,,,data_library,Python,2026,2026-03,2026-03-01,2026-03-31,2026-06-29,72,50,22,541,515,382,133,26,0.741748,1,4562,search_count_invariants_ok,2026-08-28T17:56:39.401065+00:00
,10,pandas-dev/pandas,,,,data_library,Python,2026,2026-04,2026-04-01,2026-04-30,2026-07-29,49,35,14,407,380,277,103,27,0.728947,1,4562,search_count_invariants_ok,2026-08-28T17:56:39.401065+00:00
,10,pandas-dev/pandas,,,,data_library,Python,2026,2026-05,2026-05-01,2026-05-31,2026-08-29,32,21,11,288,273,212,61,15,0.776557,1,4562,search_count_invariants_ok,2026-08-28T17:56:39.401065+00:00
,11,fastapi/fastapi,,,,application_framework,Python,2022,2022-01,2022-01-01,2022-01-31,2022-05-01,78,0,78,42,16,11,5,26,0.6875,1,4561,search_count_invariants_ok,2026-08-28T17:56:47.200143+00:00
,11,fastapi/fastapi,,,,application_framework,Python,2022,2022-02,2022-02-01,2022-02-28,2022-05-29,56,0,56,50,22,11,11,28,0.5,1,4561,search_count_invariants_ok,2026-08-28T17:56:47.200143+00:00
,11,fastapi/fastapi,,,,application_framework,Python,2022,2022-03,2022-03-01,2022-03-31,2022-06-29,75,0,75,32,20,14,6,12,0.7,1,4561,search_count_invariants_ok,2026-08-28T17:56:47.200143+00:00
,11,fastapi/fastapi,,,,application_framework,Python,2022,2022-04,2022-04-01,2022-04-30,2022-07-29,45,0,45,33,20,13,7,13,0.65,1,4561,search_count_invariants_ok,2026-08-28T17:56:47.200143+00:00
,11,fastapi/fastapi,,,,application_framework,Python,2022,2022-05,2022-05-01,2022-05-31,2022-08-29,64,0,64,50,32,23,9,18,0.71875,1,4561,search_count_invariants_ok,2026-08-28T17:56:47.200143+00:00
,11,fastapi/fastapi,,,,application_framework,Python,2023,2023-01,2023-01-01,2023-01-31,2023-05-01,51,51,0,59,38,24,14,21,0.631579,1,4561,search_count_invariants_ok,2026-08-28T17:56:47.200143+00:00
,11,fastapi/fastapi,,,,application_framework,Python,2023,2023-02,2023-02-01,2023-02-28,2023-05-29,3,3,0,44,32,21,11,12,0.65625,1,4561,search_count_invariants_ok,2026-08-28T17:56:47.200143+00:00
,11,fastapi/fastapi,,,,application_framework,Python,2023,2023-03,2023-03-01,2023-03-31,2023-06-29,5,5,0,60,46,34,12,14,0.73913,1,4561,search_count_invariants_ok,2026-08-28T17:56:47.200143+00:00
,11,fastapi/fastapi,,,,application_framework,Python,2023,2023-04,2023-04-01,2023-04-30,2023-07-29,5,4,1,48,30,17,13,18,0.566667,1,4561,search_count_invariants_ok,2026-08-28T17:56:47.200143+00:00
,11,fastapi/fastapi,,,,application_framework,Python,2023,2023-05,2023-05-01,2023-05-31,2023-08-29,3,3,0,52,34,23,11,18,0.676471,1,4561,search_count_invariants_ok,2026-08-28T17:56:47.200143+00:00
,11,fastapi/fastapi,,,,application_framework,Python,2024,2024-01,2024-01-01,2024-01-31,2024-04-30,8,4,4,113,89,66,23,24,0.741573,1,4561,search_count_invariants_ok,2026-08-28T17:56:47.200143+00:00
,11,fastapi/fastapi,,,,application_framework,Python,2024,2024-02,2024-02-01,2024-02-29,2024-05-29,7,4,3,59,41,26,15,18,0.634146,1,4561,search_count_invariants_ok,2026-08-28T17:56:47.200143+00:00
,11,fastapi/fastapi,,,,application_framework,Python,2024,2024-03,2024-03-01,2024-03-31,2024-06-29,6,5,1,58,41,33,8,17,0.804878,1,4561,search_count_invariants_ok,2026-08-28T17:56:47.200143+00:00
,11,fastapi/fastapi,,,,application_framework,Python,2024,2024-04,2024-04-01,2024-04-30,2024-07-29,1,1,0,54,40,26,14,14,0.65,1,4561,search_count_invariants_ok,2026-08-28T17:56:47.200143+00:00
,11,fastapi/fastapi,,,,application_framework,Python,2024,2024-05,2024-05-01,2024-05-31,2024-08-29,10,9,1,65,51,35,16,14,0.686275,1,4561,search_count_invariants_ok,2026-08-28T17:56:47.200143+00:00
,11,fastapi/fastapi,,,,application_framework,Python,2025,2025-01,2025-01-01,2025-01-31,2025-05-01,2,0,2,111,99,77,22,12,0.777778,1,4561,search_count_invariants_ok,2026-08-28T17:56:47.200143+00:00
,11,fastapi/fastapi,,,,application_framework,Python,2025,2025-02,2025-02-01,2025-02-28,2025-05-29,3,2,1,83,73,53,20,10,0.726027,1,4561,search_count_invariants_ok,2026-08-28T17:56:47.200143+00:00
,11,fastapi/fastapi,,,,application_framework,Python,2025,2025-03,2025-03-01,2025-03-31,2025-06-29,3,1,2,76,47,30,17,29,0.638298,1,4561,search_count_invariants_ok,2026-08-28T17:56:47.200143+00:00
,11,fastapi/fastapi,,,,application_framework,Python,2025,2025-04,2025-04-01,2025-04-30,2025-07-29,1,1,0,54,36,20,16,18,0.555556,1,4561,search_count_invariants_ok,2026-08-28T17:56:47.200143+00:00
,11,fastapi/fastapi,,,,application_framework,Python,2025,2025-05,2025-05-01,2025-05-31,2025-08-29,1,1,0,43,37,23,14,6,0.621622,1,4561,search_count_invariants_ok,2026-08-28T17:56:47.200143+00:00
,11,fastapi/fastapi,,,,application_framework,Python,2026,2026-01,2026-01-01,2026-01-31,2026-05-01,2,2,0,125,120,48,72,5,0.4,1,4561,search_count_invariants_ok,2026-08-28T17:56:47.200143+00:00
,11,fastapi/fastapi,,,,application_framework,Python,2026,2026-02,2026-02-01,2026-02-28,2026-05-29,6,6,0,197,187,114,73,10,0.609626,1,4561,search_count_invariants_ok,2026-08-28T17:56:47.200143+00:00
,11,fastapi/fastapi,,,,application_framework,Python,2026,2026-03,2026-03-01,2026-03-31,2026-06-29,10,10,0,160,148,62,86,12,0.418919,1,4561,search_count_invariants_ok,2026-08-28T17:56:47.200143+00:00
,11,fastapi/fastapi,,,,application_framework,Python,2026,2026-04,2026-04-01,2026-04-30,2026-07-29,6,6,0,146,137,48,89,9,0.350365,1,4561,search_count_invariants_ok,2026-08-28T17:56:47.200143+00:00
,11,fastapi/fastapi,,,,application_framework,Python,2026,2026-05,2026-05-01,2026-05-31,2026-08-29,6,6,0,152,146,54,92,6,0.369863,1,4561,search_count_invariants_ok,2026-08-28T17:56:47.200143+00:00
,12,apache/kafka,,,,data_infrastructure,Java,2022,2022-01,2022-01-01,2022-01-31,2022-05-01,0,0,0,92,75,61,14,17,0.813333,1,4560,search_count_invariants_ok,2026-08-28T17:56:54.977499+00:00
,12,apache/kafka,,,,data_infrastructure,Java,2022,2022-02,2022-02-01,2022-02-28,2022-05-29,0,0,0,95,73,67,6,22,0.917808,1,4560,search_count_invariants_ok,2026-08-28T17:56:54.977499+00:00
,12,apache/kafka,,,,data_infrastructure,Java,2022,2022-03,2022-03-01,2022-03-31,2022-06-29,0,0,0,159,136,112,24,23,0.823529,1,4560,search_count_invariants_ok,2026-08-28T17:56:54.977499+00:00
,12,apache/kafka,,,,data_infrastructure,Java,2022,2022-04,2022-04-01,2022-04-30,2022-07-29,0,0,0,130,106,88,18,24,0.830189,1,4560,search_count_invariants_ok,2026-08-28T17:56:54.977499+00:00
,12,apache/kafka,,,,data_infrastructure,Java,2022,2022-05,2022-05-01,2022-05-31,2022-08-29,0,0,0,123,101,92,9,22,0.910891,1,4560,search_count_invariants_ok,2026-08-28T17:56:54.977499+00:00
,12,apache/kafka,,,,data_infrastructure,Java,2023,2023-01,2023-01-01,2023-01-31,2023-05-01,0,0,0,116,90,81,9,26,0.9,1,4560,search_count_invariants_ok,2026-08-28T17:56:54.977499+00:00
,12,apache/kafka,,,,data_infrastructure,Java,2023,2023-02,2023-02-01,2023-02-28,2023-05-29,0,0,0,137,106,95,11,31,0.896226,1,4560,search_count_invariants_ok,2026-08-28T17:56:54.977499+00:00
,12,apache/kafka,,,,data_infrastructure,Java,2023,2023-03,2023-03-01,2023-03-31,2023-06-29,0,0,0,173,149,131,18,24,0.879195,1,4560,search_count_invariants_ok,2026-08-28T17:56:54.977499+00:00
,12,apache/kafka,,,,data_infrastructure,Java,2023,2023-04,2023-04-01,2023-04-30,2023-07-29,0,0,0,162,145,123,22,17,0.848276,1,4560,search_count_invariants_ok,2026-08-28T17:56:54.977499+00:00
,12,apache/kafka,,,,data_infrastructure,Java,2023,2023-05,2023-05-01,2023-05-31,2023-08-29,0,0,0,136,122,96,26,14,0.786885,1,4560,search_count_invariants_ok,2026-08-28T17:56:54.977499+00:00
,12,apache/kafka,,,,data_infrastructure,Java,2024,2024-01,2024-01-01,2024-01-31,2024-04-30,0,0,0,202,168,137,31,34,0.815476,1,4560,search_count_invariants_ok,2026-08-28T17:56:54.977499+00:00
,12,apache/kafka,,,,data_infrastructure,Java,2024,2024-02,2024-02-01,2024-02-29,2024-05-29,0,0,0,145,122,104,18,23,0.852459,1,4560,search_count_invariants_ok,2026-08-28T17:56:54.977499+00:00
,12,apache/kafka,,,,data_infrastructure,Java,2024,2024-03,2024-03-01,2024-03-31,2024-06-29,0,0,0,189,167,141,26,22,0.844311,1,4560,search_count_invariants_ok,2026-08-28T17:56:54.977499+00:00
,12,apache/kafka,,,,data_infrastructure,Java,2024,2024-04,2024-04-01,2024-04-30,2024-07-29,0,0,0,200,180,157,23,20,0.872222,1,4560,search_count_invariants_ok,2026-08-28T17:56:54.977499+00:00
,12,apache/kafka,,,,data_infrastructure,Java,2024,2024-05,2024-05-01,2024-05-31,2024-08-29,0,0,0,323,287,232,55,36,0.808362,1,4560,search_count_invariants_ok,2026-08-28T17:56:54.977499+00:00
,12,apache/kafka,,,,data_infrastructure,Java,2025,2025-01,2025-01-01,2025-01-31,2025-05-01,0,0,0,404,384,340,44,20,0.885417,1,4560,search_count_invariants_ok,2026-08-28T17:56:54.977499+00:00
,12,apache/kafka,,,,data_infrastructure,Java,2025,2025-02,2025-02-01,2025-02-28,2025-05-29,0,0,0,290,260,231,29,30,0.888462,1,4560,search_count_invariants_ok,2026-08-28T17:56:54.977499+00:00
,12,apache/kafka,,,,data_infrastructure,Java,2025,2025-03,2025-03-01,2025-03-31,2025-06-29,0,0,0,267,232,206,26,35,0.887931,1,4560,search_count_invariants_ok,2026-08-28T17:56:54.977499+00:00
,12,apache/kafka,,,,data_infrastructure,Java,2025,2025-04,2025-04-01,2025-04-30,2025-07-29,0,0,0,280,257,233,24,23,0.906615,1,4560,search_count_invariants_ok,2026-08-28T17:56:54.977499+00:00
,12,apache/kafka,,,,data_infrastructure,Java,2025,2025-05,2025-05-01,2025-05-31,2025-08-29,0,0,0,263,234,207,27,29,0.884615,1,4560,search_count_invariants_ok,2026-08-28T17:56:54.977499+00:00
,12,apache/kafka,,,,data_infrastructure,Java,2026,2026-01,2026-01-01,2026-01-31,2026-05-01,0,0,0,147,119,103,16,28,0.865546,1,4560,search_count_invariants_ok,2026-08-28T17:56:54.977499+00:00
,12,apache/kafka,,,,data_infrastructure,Java,2026,2026-02,2026-02-01,2026-02-28,2026-05-29,0,0,0,226,200,169,31,26,0.845,1,4560,search_count_invariants_ok,2026-08-28T17:56:54.977499+00:00
,12,apache/kafka,,,,data_infrastructure,Java,2026,2026-03,2026-03-01,2026-03-31,2026-06-29,0,0,0,315,276,237,39,39,0.858696,1,4560,search_count_invariants_ok,2026-08-28T17:56:54.977499+00:00
,12,apache/kafka,,,,data_infrastructure,Java,2026,2026-04,2026-04-01,2026-04-30,2026-07-29,0,0,0,267,226,188,38,41,0.831858,1,4560,search_count_invariants_ok,2026-08-28T17:56:54.977499+00:00
,12,apache/kafka,,,,data_infrastructure,Java,2026,2026-05,2026-05-01,2026-05-31,2026-08-29,0,0,0,247,197,167,30,50,0.847716,1,4560,search_count_invariants_ok,2026-08-28T17:56:54.977499+00:00
