month,events_2024,events_2025,yoy_2025_vs_2024,events_2026,yoy_2026_vs_2025
01,127102614,134551350,0.05860412,97722737,-0.27371423
02,142813352,129837276,-0.09086036,86753106,-0.33183662
03,129238923,146253658,0.13165331,101798479,-0.30396457
04,129436415,137344607,0.06109868,95471758,-0.30487134
05,121043586,127073260,0.04981407,97641384,-0.23161345
06,114696444,90574065,-0.21031759,98368155,0.08604954
07,118287464,96210906,-0.18663818,113744888,0.18225673
08,118590695,96966718,-0.18234294,84064765,-0.13305755
JAN_AUG_TOTAL,1001209493,958811840,-0.04234649,775565272,-0.19110793
